epoch,step,train/L_cpe_epoch,train/L_cpe_step,train/L_vacl_epoch,train/L_vacl_step,train/loss_epoch,train/loss_step,val/L_cpe,val/L_vacl,val/loss
0,0,,0.00752437487244606,,-0.003961540758609772,,0.0035628341138362885,,,
0,1,,-0.35605674982070923,,0.03415980935096741,,-0.3218969404697418,,,
0,2,,-0.01986897736787796,,-0.3085082173347473,,-0.3283771872520447,,,
0,3,,-0.12739771604537964,,-0.20515213906764984,,-0.3325498700141907,,,
0,4,,-0.3537781834602356,,-0.18314909934997559,,-0.5369272828102112,,,
0,4,,,,,,,-0.06730842590332031,-0.04085107147693634,-0.10815950483083725
0,4,-0.16991545259952545,,-0.13332223892211914,,-0.3032376766204834,,,,
