{
  "N_videos": 4,
  "L_tokens": 393,
  "D_features": 768,
  "temporal_var_mean": {
    "mean": 0.008618985302746296,
    "std": 0.007247687317430973,
    "max": 0.025387704372406006,
    "argmax": 29
  },
  "feature_var_mean": {
    "mean": 0.00861898623406887,
    "std": 0.009077513590455055,
    "max": 0.06731580942869186,
    "argmax": 234
  }
}