epoch,step,train/L_cpe_epoch,train/L_cpe_step,train/L_vacl_epoch,train/L_vacl_step,train/loss_epoch,train/loss_step,val/L_cpe,val/L_vacl,val/loss
0,0,,0.004403013736009598,,0.1955815702676773,,0.1999845802783966,,,
0,1,,-0.03775997459888458,,0.06905694305896759,,0.03129696846008301,,,
0,2,,-0.13529980182647705,,0.1631803661584854,,0.027880564332008362,,,
0,3,,0.1816442757844925,,-0.09080362319946289,,0.0908406525850296,,,
0,4,,-0.22938251495361328,,0.12842240929603577,,-0.10096010565757751,,,
0,4,,,,,,,-0.005167627241462469,0.04177025705575943,0.036602627485990524
0,4,-0.043278999626636505,,0.09308753907680511,,0.04980853199958801,,,,
