epoch,step,train/L_cpe_epoch,train/L_cpe_step,train/L_vacl_epoch,train/L_vacl_step,train/loss_epoch,train/loss_step,val/L_cpe,val/L_vacl,val/loss
0,0,,-0.020305339246988297,,0.14129489660263062,,0.12098956108093262,,,
0,1,,-0.05409012734889984,,0.2754644453525543,,0.22137431800365448,,,
0,2,,0.04202689230442047,,-0.06688421219587326,,-0.02485731989145279,,,
0,3,,0.005125664174556732,,0.3365890383720398,,0.3417147099971771,,,
0,4,,0.12056467682123184,,0.26616746187210083,,0.3867321312427521,,,
0,4,,,,,,,-0.07872303575277328,0.13672475516796112,0.05800170823931694
0,4,0.01866435445845127,,0.1905263364315033,,0.20919068157672882,,,,
